{
    "metrics": {
        "http_req_sending": {
            "min": 0,
            "med": 0,
            "max": 39.9999,
            "p(90)": 1.001,
            "p(95)": 1.0025,
            "avg": 0.3810499799999996
        },
        "http_req_failed": {
            "passes": 5841,
            "fails": 4159,
            "value": 0.5841
        },
        "checks": {
            "passes": 10000,
            "fails": 110000,
            "value": 0.08333333333333333
        },
        "http_req_tls_handshaking": {
            "med": 1582.286,
            "max": 2829.4904,
            "p(90)": 2682.61289,
            "p(95)": 2744.0163049999996,
            "avg": 1699.0320063200004,
            "min": 464.6747
        },
        "http_req_duration": {
            "p(90)": 12960.33193,
            "p(95)": 14905.407845,
            "avg": 4195.976447199996,
            "min": 0,
            "med": 1732.0610000000001,
            "max": 20780.5489
        },
        "http_req_duration{expected_response:true}": {
            "avg": 8997.681407622027,
            "min": 678.7717,
            "med": 8744.9882,
            "max": 20780.5489,
            "p(90)": 15438.894620000001,
            "p(95)": 17689.17042
        },
        "data_sent": {
            "count": 18949632,
            "rate": 827785.16479356
        },
        "http_req_blocked": {
            "avg": 2184.828916959994,
            "min": 579.6443,
            "med": 2107.4311,
            "max": 3349.2069,
            "p(90)": 3148.7576,
            "p(95)": 3226.7326
        },
        "http_req_connecting": {
            "p(95)": 549.7139,
            "avg": 485.22956735999526,
            "min": 75.0029,
            "med": 485.7056,
            "max": 695.8347,
            "p(90)": 512.296
        },
        "iterations": {
            "count": 10000,
            "rate": 436.83442759920615
        },
        "vus_max": {
            "value": 10000,
            "min": 3309,
            "max": 10000
        },
        "http_reqs": {
            "count": 10000,
            "rate": 436.83442759920615
        },
        "iteration_duration": {
            "avg": 7390.3023882600155,
            "min": 2266.1413,
            "med": 4738.3185,
            "max": 22860.3259,
            "p(90)": 15723.133760000002,
            "p(95)": 17716.699449999996
        },
        "http_req_waiting": {
            "avg": 4142.944284210004,
            "min": 0,
            "med": 1711.3518,
            "max": 20568.7361,
            "p(90)": 12906.748410000004,
            "p(95)": 14729.072434999993
        },
        "http_req_receiving": {
            "p(90)": 208.84672,
            "p(95)": 209.36923000000002,
            "avg": 52.65111300999985,
            "min": 0,
            "med": 0.9994,
            "max": 1626.8814
        },
        "data_received": {
            "count": 80282739,
            "rate": 3507026.4337161463
        },
        "vus": {
            "max": 9976,
            "value": 70,
            "min": 0
        }
    },
    "root_group": {
        "checks": {
            "200 OK": {
                "path": "::200 OK",
                "id": "e9654c443eff553da9e69eda7007924e",
                "passes": 4159,
                "fails": 5841,
                "name": "200 OK"
            },
            "201 Created": {
                "fails": 10000,
                "name": "201 Created",
                "path": "::201 Created",
                "id": "728dcd977aae263ca314731145e1d447",
                "passes": 0
            },
            "204 No Content": {
                "passes": 0,
                "fails": 10000,
                "name": "204 No Content",
                "path": "::204 No Content",
                "id": "54fa3c2eda34e1622fda2da5e0479fc5"
            },
            "400 Bad Request": {
                "fails": 10000,
                "name": "400 Bad Request",
                "path": "::400 Bad Request",
                "id": "eeae81934b9b58bccaf0184a6d070338",
                "passes": 0
            },
            "401 Unauthorized": {
                "fails": 10000,
                "name": "401 Unauthorized",
                "path": "::401 Unauthorized",
                "id": "6ae9254e6aefe7f0bafe5102fa7e20a5",
                "passes": 0
            },
            "403 Forbidden": {
                "name": "403 Forbidden",
                "path": "::403 Forbidden",
                "id": "655548b761742c5a7ad15aa7df3a5d9c",
                "passes": 0,
                "fails": 10000
            },
            "404 Not Found": {
                "fails": 10000,
                "name": "404 Not Found",
                "path": "::404 Not Found",
                "id": "df1528f9925ca236bac51008f77b774a",
                "passes": 0
            },
            "429 Too Many Requests": {
                "passes": 0,
                "fails": 10000,
                "name": "429 Too Many Requests",
                "path": "::429 Too Many Requests",
                "id": "b810c35b9499cc7342fd415032e3a6aa"
            },
            "500 Internal Server Error": {
                "name": "500 Internal Server Error",
                "path": "::500 Internal Server Error",
                "id": "3cd96245b24e869810efe46d533b0eef",
                "passes": 0,
                "fails": 10000
            },
            "502 Bad Gateway": {
                "name": "502 Bad Gateway",
                "path": "::502 Bad Gateway",
                "id": "712cb0ec189a11f31f0d6d0c0031b569",
                "passes": 5841,
                "fails": 4159
            },
            "503 Service Unavailable": {
                "name": "503 Service Unavailable",
                "path": "::503 Service Unavailable",
                "id": "f1ea1a22be0dc738c385523a66ea1cd9",
                "passes": 0,
                "fails": 10000
            },
            "504 Gateway Timeout": {
                "passes": 0,
                "fails": 10000,
                "name": "504 Gateway Timeout",
                "path": "::504 Gateway Timeout",
                "id": "218efb729cb654723ccd57c6ebbebe29"
            }
        },
        "name": "",
        "path": "",
        "id": "d41d8cd98f00b204e9800998ecf8427e",
        "groups": {}
    }
}