{
    "metrics": {
        "data_sent": {
            "count": 3203,
            "rate": 1594.5955606818036
        },
        "vus_max": {
            "value": 1,
            "min": 1,
            "max": 1
        },
        "http_req_sending": {
            "p(90)": 0.5554,
            "p(95)": 0.5554,
            "avg": 0.5554,
            "min": 0.5554,
            "med": 0.5554,
            "max": 0.5554
        },
        "http_req_blocked": {
            "p(95)": 14.5926,
            "avg": 14.5926,
            "min": 14.5926,
            "med": 14.5926,
            "max": 14.5926,
            "p(90)": 14.5926
        },
        "http_req_waiting": {
            "p(90)": 975.2775,
            "p(95)": 975.2775,
            "avg": 975.2775,
            "min": 975.2775,
            "med": 975.2775,
            "max": 975.2775
        },
        "vus": {
            "min": 1,
            "max": 1,
            "value": 1
        },
        "http_req_receiving": {
            "avg": 208.4594,
            "min": 208.4594,
            "med": 208.4594,
            "max": 208.4594,
            "p(90)": 208.4594,
            "p(95)": 208.4594
        },
        "dropped_iterations": {
            "count": 1,
            "rate": 0.4978443836034354
        },
        "http_reqs": {
            "count": 1,
            "rate": 0.4978443836034354
        },
        "http_req_failed": {
            "fails": 1,
            "passes": 0,
            "value": 0
        },
        "http_req_duration": {
            "p(95)": 1184.2923,
            "avg": 1184.2923,
            "min": 1184.2923,
            "med": 1184.2923,
            "max": 1184.2923,
            "p(90)": 1184.2923
        },
        "http_req_duration{expected_response:true}": {
            "med": 1184.2923,
            "max": 1184.2923,
            "p(90)": 1184.2923,
            "p(95)": 1184.2923,
            "avg": 1184.2923,
            "min": 1184.2923
        },
        "http_req_connecting": {
            "max": 4.3902,
            "p(90)": 4.3902,
            "p(95)": 4.3902,
            "avg": 4.3902,
            "min": 4.3902,
            "med": 4.3902
        },
        "http_req_tls_handshaking": {
            "avg": 5.196,
            "min": 5.196,
            "med": 5.196,
            "max": 5.196,
            "p(90)": 5.196,
            "p(95)": 5.196
        },
        "checks": {
            "passes": 1,
            "fails": 11,
            "value": 0.08333333333333333
        },
        "data_received": {
            "count": 14509,
            "rate": 7223.224161702245
        }
    },
    "root_group": {
        "name": "",
        "path": "",
        "id": "d41d8cd98f00b204e9800998ecf8427e",
        "groups": {},
        "checks": {
                "200 OK": {
                    "passes": 1,
                    "fails": 0,
                    "name": "200 OK",
                    "path": "::200 OK",
                    "id": "e9654c443eff553da9e69eda7007924e"
                },
                "201 Created": {
                    "fails": 1,
                    "name": "201 Created",
                    "path": "::201 Created",
                    "id": "728dcd977aae263ca314731145e1d447",
                    "passes": 0
                },
                "204 No Content": {
                    "passes": 0,
                    "fails": 1,
                    "name": "204 No Content",
                    "path": "::204 No Content",
                    "id": "54fa3c2eda34e1622fda2da5e0479fc5"
                },
                "400 Bad Request": {
                    "name": "400 Bad Request",
                    "path": "::400 Bad Request",
                    "id": "eeae81934b9b58bccaf0184a6d070338",
                    "passes": 0,
                    "fails": 1
                },
                "401 Unauthorized": {
                    "path": "::401 Unauthorized",
                    "id": "6ae9254e6aefe7f0bafe5102fa7e20a5",
                    "passes": 0,
                    "fails": 1,
                    "name": "401 Unauthorized"
                },
                "403 Forbidden": {
                    "name": "403 Forbidden",
                    "path": "::403 Forbidden",
                    "id": "655548b761742c5a7ad15aa7df3a5d9c",
                    "passes": 0,
                    "fails": 1
                },
                "404 Not Found": {
                    "name": "404 Not Found",
                    "path": "::404 Not Found",
                    "id": "df1528f9925ca236bac51008f77b774a",
                    "passes": 0,
                    "fails": 1
                },
                "429 Too Many Requests": {
                    "path": "::429 Too Many Requests",
                    "id": "b810c35b9499cc7342fd415032e3a6aa",
                    "passes": 0,
                    "fails": 1,
                    "name": "429 Too Many Requests"
                },
                "500 Internal Server Error": {
                    "name": "500 Internal Server Error",
                    "path": "::500 Internal Server Error",
                    "id": "3cd96245b24e869810efe46d533b0eef",
                    "passes": 0,
                    "fails": 1
                },
                "502 Bad Gateway": {
                    "fails": 1,
                    "name": "502 Bad Gateway",
                    "path": "::502 Bad Gateway",
                    "id": "712cb0ec189a11f31f0d6d0c0031b569",
                    "passes": 0
                },
                "503 Service Unavailable": {
                    "passes": 0,
                    "fails": 1,
                    "name": "503 Service Unavailable",
                    "path": "::503 Service Unavailable",
                    "id": "f1ea1a22be0dc738c385523a66ea1cd9"
                },
                "504 Gateway Timeout": {
                    "passes": 0,
                    "fails": 1,
                    "name": "504 Gateway Timeout",
                    "path": "::504 Gateway Timeout",
                    "id": "218efb729cb654723ccd57c6ebbebe29"
                }
            }
    }
}