{
    "metrics": {
        "data_sent": {
            "count": 9453912,
            "rate": 556365.2764243687
        },
        "vus": {
            "value": 69,
            "min": 69,
            "max": 3000
        },
        "http_req_duration{expected_response:true}": {
            "min": 269.4753,
            "med": 6806.1579,
            "max": 14465.8717,
            "p(90)": 11673.4039,
            "p(95)": 12760.83425,
            "avg": 6741.43565171418
        },
        "http_req_blocked": {
            "max": 1251.2698,
            "p(90)": 1077.8384800000001,
            "p(95)": 1085.50627,
            "avg": 925.5803925666645,
            "min": 471.7936,
            "med": 957.2778000000001
        },
        "http_req_receiving": {
            "p(90)": 211.8132,
            "p(95)": 214.367725,
            "avg": 116.20129940000011,
            "min": 0,
            "med": 205.7867,
            "max": 637.6016
        },
        "vus_max": {
            "value": 3000,
            "min": 3000,
            "max": 3000
        },
        "http_req_waiting": {
            "max": 14256.3681,
            "p(90)": 11278.959289999999,
            "p(95)": 12233.916584999999,
            "avg": 6122.5233284000105,
            "min": 2.0158,
            "med": 6167.99515
        },
        "iterations": {
            "rate": 176.55081084667447,
            "count": 3000
        },
        "http_req_connecting": {
            "med": 449.278,
            "max": 537.282,
            "p(90)": 514.8025,
            "p(95)": 520.8018,
            "avg": 426.8925156333337,
            "min": 17.0006
        },
        "data_received": {
            "count": 41375805,
            "rate": 2434977.3073946293
        },
        "iteration_duration": {
            "max": 16546.4359,
            "p(90)": 13500.3258,
            "p(95)": 14398.69977,
            "avg": 8179.875480033311,
            "min": 1854.5992,
            "med": 8256.6998
        },
        "http_reqs": {
            "count": 3000,
            "rate": 176.55081084667447
        },
        "http_req_duration": {
            "avg": 6239.2079628666625,
            "min": 2.9327,
            "med": 6292.7713,
            "max": 14465.8717,
            "p(90)": 11486.61343,
            "p(95)": 12443.061155
        },
        "checks": {
            "passes": 3000,
            "fails": 33000,
            "value": 0.08333333333333333
        },
        "http_req_sending": {
            "avg": 0.4833350666666674,
            "min": 0,
            "med": 0,
            "max": 50.0005,
            "p(90)": 1.0014,
            "p(95)": 1.008505
        },
        "http_req_tls_handshaking": {
            "med": 473.12260000000003,
            "max": 780.0792,
            "p(90)": 712.8309,
            "p(95)": 732.3661549999999,
            "avg": 497.4012241333332,
            "min": 15.9982
        },
        "http_req_failed": {
            "passes": 229,
            "fails": 2771,
            "value": 0.07633333333333334
        }
    },
    "root_group": {
        "name": "",
        "path": "",
        "id": "d41d8cd98f00b204e9800998ecf8427e",
        "groups": {},
        "checks": {
                "200 OK": {
                    "name": "200 OK",
                    "path": "::200 OK",
                    "id": "e9654c443eff553da9e69eda7007924e",
                    "passes": 2771,
                    "fails": 229
                },
                "201 Created": {
                    "name": "201 Created",
                    "path": "::201 Created",
                    "id": "728dcd977aae263ca314731145e1d447",
                    "passes": 0,
                    "fails": 3000
                },
                "204 No Content": {
                    "name": "204 No Content",
                    "path": "::204 No Content",
                    "id": "54fa3c2eda34e1622fda2da5e0479fc5",
                    "passes": 0,
                    "fails": 3000
                },
                "400 Bad Request": {
                    "name": "400 Bad Request",
                    "path": "::400 Bad Request",
                    "id": "eeae81934b9b58bccaf0184a6d070338",
                    "passes": 0,
                    "fails": 3000
                },
                "401 Unauthorized": {
                    "name": "401 Unauthorized",
                    "path": "::401 Unauthorized",
                    "id": "6ae9254e6aefe7f0bafe5102fa7e20a5",
                    "passes": 0,
                    "fails": 3000
                },
                "403 Forbidden": {
                    "passes": 0,
                    "fails": 3000,
                    "name": "403 Forbidden",
                    "path": "::403 Forbidden",
                    "id": "655548b761742c5a7ad15aa7df3a5d9c"
                },
                "404 Not Found": {
                    "name": "404 Not Found",
                    "path": "::404 Not Found",
                    "id": "df1528f9925ca236bac51008f77b774a",
                    "passes": 0,
                    "fails": 3000
                },
                "429 Too Many Requests": {
                    "path": "::429 Too Many Requests",
                    "id": "b810c35b9499cc7342fd415032e3a6aa",
                    "passes": 0,
                    "fails": 3000,
                    "name": "429 Too Many Requests"
                },
                "500 Internal Server Error": {
                    "passes": 0,
                    "fails": 3000,
                    "name": "500 Internal Server Error",
                    "path": "::500 Internal Server Error",
                    "id": "3cd96245b24e869810efe46d533b0eef"
                },
                "502 Bad Gateway": {
                    "fails": 2771,
                    "name": "502 Bad Gateway",
                    "path": "::502 Bad Gateway",
                    "id": "712cb0ec189a11f31f0d6d0c0031b569",
                    "passes": 229
                },
                "503 Service Unavailable": {
                    "passes": 0,
                    "fails": 3000,
                    "name": "503 Service Unavailable",
                    "path": "::503 Service Unavailable",
                    "id": "f1ea1a22be0dc738c385523a66ea1cd9"
                },
                "504 Gateway Timeout": {
                    "name": "504 Gateway Timeout",
                    "path": "::504 Gateway Timeout",
                    "id": "218efb729cb654723ccd57c6ebbebe29",
                    "passes": 0,
                    "fails": 3000
                }
            }
    }
}