{
    "metrics": {
        "vus_max": {
            "value": 2900,
            "min": 2900,
            "max": 2900
        },
        "http_req_duration": {
            "avg": 2875.8348582068984,
            "min": 205.0003,
            "med": 2678.1309,
            "max": 7075.0761,
            "p(90)": 5455.252570000001,
            "p(95)": 6021.617799999999
        },
        "http_req_receiving": {
            "p(95)": 1.0715399999999997,
            "avg": 0.41410486206896646,
            "min": 0,
            "med": 0,
            "max": 12.5802,
            "p(90)": 0.9679799999999997
        },
        "http_req_connecting": {
            "p(90)": 333.9996,
            "p(95)": 335.9993,
            "avg": 296.4813208965504,
            "min": 19.0005,
            "med": 310.89155000000005,
            "max": 411.0018
        },
        "http_req_failed": {
            "passes": 331,
            "fails": 2569,
            "value": 0.11413793103448276
        },
        "iterations": {
            "count": 2900,
            "rate": 322.9665057116682
        },
        "http_reqs": {
            "count": 2900,
            "rate": 322.9665057116682
        },
        "http_req_duration{expected_response:true}": {
            "max": 7075.0761,
            "p(90)": 5571.1950600000055,
            "p(95)": 6049.9153799999995,
            "avg": 3185.4804434799553,
            "min": 205.0003,
            "med": 3134.0941
        },
        "vus": {
            "max": 2900,
            "value": 106,
            "min": 106
        },
        "checks": {
            "fails": 31900,
            "passes": 2900,
            "value": 0.08333333333333333
        },
        "http_req_blocked": {
            "avg": 645.9142782413771,
            "min": 318.8876,
            "med": 677.55,
            "max": 835.3914,
            "p(90)": 721.6193,
            "p(95)": 746.3862
        },
        "http_req_tls_handshaking": {
            "max": 562.4995,
            "p(90)": 454.4915,
            "p(95)": 488.5397349999997,
            "avg": 348.28993831034387,
            "min": 7.9973,
            "med": 359.8935
        },
        "data_sent": {
            "count": 3175500,
            "rate": 353648.3237542767
        },
        "data_received": {
            "rate": 2116385.1454874454,
            "count": 19003571
        },
        "http_req_sending": {
            "max": 35.9986,
            "p(90)": 1.0005,
            "p(95)": 1.002005,
            "avg": 0.299508551724138,
            "min": 0,
            "med": 0
        },
        "http_req_waiting": {
            "avg": 2875.121244793106,
            "min": 201.0009,
            "med": 2677.6322,
            "max": 7074.299,
            "p(90)": 5454.50061,
            "p(95)": 6019.653674999999
        },
        "iteration_duration": {
            "p(90)": 7179.84145,
            "p(95)": 7749.113549999999,
            "avg": 4522.949534517242,
            "min": 1592.7638,
            "med": 4355.9833,
            "max": 8765.4773
        }
    },
    "root_group": {
        "name": "",
        "path": "",
        "id": "d41d8cd98f00b204e9800998ecf8427e",
        "groups": {},
        "checks": {
                "200 OK": {
                    "id": "e9654c443eff553da9e69eda7007924e",
                    "passes": 2569,
                    "fails": 331,
                    "name": "200 OK",
                    "path": "::200 OK"
                },
                "201 Created": {
                    "name": "201 Created",
                    "path": "::201 Created",
                    "id": "728dcd977aae263ca314731145e1d447",
                    "passes": 0,
                    "fails": 2900
                },
                "204 No Content": {
                    "passes": 0,
                    "fails": 2900,
                    "name": "204 No Content",
                    "path": "::204 No Content",
                    "id": "54fa3c2eda34e1622fda2da5e0479fc5"
                },
                "400 Bad Request": {
                    "name": "400 Bad Request",
                    "path": "::400 Bad Request",
                    "id": "eeae81934b9b58bccaf0184a6d070338",
                    "passes": 0,
                    "fails": 2900
                },
                "401 Unauthorized": {
                    "name": "401 Unauthorized",
                    "path": "::401 Unauthorized",
                    "id": "6ae9254e6aefe7f0bafe5102fa7e20a5",
                    "passes": 0,
                    "fails": 2900
                },
                "403 Forbidden": {
                    "name": "403 Forbidden",
                    "path": "::403 Forbidden",
                    "id": "655548b761742c5a7ad15aa7df3a5d9c",
                    "passes": 0,
                    "fails": 2900
                },
                "404 Not Found": {
                    "path": "::404 Not Found",
                    "id": "df1528f9925ca236bac51008f77b774a",
                    "passes": 0,
                    "fails": 2900,
                    "name": "404 Not Found"
                },
                "429 Too Many Requests": {
                    "name": "429 Too Many Requests",
                    "path": "::429 Too Many Requests",
                    "id": "b810c35b9499cc7342fd415032e3a6aa",
                    "passes": 0,
                    "fails": 2900
                },
                "500 Internal Server Error": {
                    "passes": 0,
                    "fails": 2900,
                    "name": "500 Internal Server Error",
                    "path": "::500 Internal Server Error",
                    "id": "3cd96245b24e869810efe46d533b0eef"
                },
                "502 Bad Gateway": {
                    "name": "502 Bad Gateway",
                    "path": "::502 Bad Gateway",
                    "id": "712cb0ec189a11f31f0d6d0c0031b569",
                    "passes": 331,
                    "fails": 2569
                },
                "503 Service Unavailable": {
                    "fails": 2900,
                    "name": "503 Service Unavailable",
                    "path": "::503 Service Unavailable",
                    "id": "f1ea1a22be0dc738c385523a66ea1cd9",
                    "passes": 0
                },
                "504 Gateway Timeout": {
                    "id": "218efb729cb654723ccd57c6ebbebe29",
                    "passes": 0,
                    "fails": 2900,
                    "name": "504 Gateway Timeout",
                    "path": "::504 Gateway Timeout"
                }
            }
    }
}