{
    "metrics": {
        "data_sent": {
            "count": 4117216,
            "rate": 69218.80804488821
        },
        "http_req_waiting": {
            "avg": 28467.66061439997,
            "min": 1785.04,
            "med": 28350.44605,
            "max": 57122.9247,
            "p(90)": 49413.25756,
            "p(95)": 52574.113040000004
        },
        "checks": {
            "passes": 2000,
            "fails": 22000,
            "value": 0.08333333333333333
        },
        "http_req_duration{expected_response:true}": {
            "avg": 28895.152545299985,
            "min": 1788.1902,
            "med": 28555.9682,
            "max": 57954.8716,
            "p(90)": 50053.59752,
            "p(95)": 53211.455745
        },
        "http_req_sending": {
            "min": 0,
            "med": 0,
            "max": 27.9822,
            "p(90)": 1.0008,
            "p(95)": 1.0022,
            "avg": 0.3921791000000003
        },
        "http_req_blocked": {
            "avg": 371.86261060000044,
            "min": 167.0024,
            "med": 390.71865,
            "max": 530.222,
            "p(90)": 495.22207,
            "p(95)": 514.21551
        },
        "http_req_tls_handshaking": {
            "p(90)": 369.22218,
            "p(95)": 386.222175,
            "avg": 248.1020124000005,
            "min": 111.9994,
            "med": 259.21945,
            "max": 402.2209
        },
        "http_req_connecting": {
            "p(95)": 133.00032000000002,
            "avg": 123.14882410000007,
            "min": 34.9872,
            "med": 124.9882,
            "max": 149.219,
            "p(90)": 132.0018
        },
        "vus": {
            "value": 2,
            "min": 2,
            "max": 2000
        },
        "vus_max": {
            "value": 2000,
            "min": 2000,
            "max": 2000
        },
        "iterations": {
            "count": 2000,
            "rate": 33.624083868754134
        },
        "http_req_duration": {
            "min": 1788.1902,
            "med": 28555.9682,
            "max": 57954.8716,
            "p(90)": 50053.59752,
            "p(95)": 53211.455745,
            "avg": 28895.152545299985
        },
        "http_req_receiving": {
            "p(95)": 834.67507,
            "avg": 427.0997518000001,
            "min": 0,
            "med": 418.79589999999996,
            "max": 1170.2379,
            "p(90)": 832.62558
        },
        "iteration_duration": {
            "avg": 30268.074403949984,
            "min": 2973.1557,
            "med": 29937.83055,
            "max": 59368.0196,
            "p(90)": 51521.06648,
            "p(95)": 54678.261055
        },
        "data_received": {
            "count": 57607200,
            "rate": 968494.6621220467
        },
        "http_req_failed": {
            "passes": 0,
            "fails": 2000,
            "value": 0
        },
        "http_reqs": {
            "count": 2000,
            "rate": 33.624083868754134
        }
    },
    "root_group": {
        "name": "",
        "path": "",
        "id": "d41d8cd98f00b204e9800998ecf8427e",
        "groups": {},
        "checks": {
                "200 OK": {
                    "fails": 0,
                    "name": "200 OK",
                    "path": "::200 OK",
                    "id": "e9654c443eff553da9e69eda7007924e",
                    "passes": 2000
                },
                "201 Created": {
                    "name": "201 Created",
                    "path": "::201 Created",
                    "id": "728dcd977aae263ca314731145e1d447",
                    "passes": 0,
                    "fails": 2000
                },
                "204 No Content": {
                    "passes": 0,
                    "fails": 2000,
                    "name": "204 No Content",
                    "path": "::204 No Content",
                    "id": "54fa3c2eda34e1622fda2da5e0479fc5"
                },
                "400 Bad Request": {
                    "name": "400 Bad Request",
                    "path": "::400 Bad Request",
                    "id": "eeae81934b9b58bccaf0184a6d070338",
                    "passes": 0,
                    "fails": 2000
                },
                "401 Unauthorized": {
                    "path": "::401 Unauthorized",
                    "id": "6ae9254e6aefe7f0bafe5102fa7e20a5",
                    "passes": 0,
                    "fails": 2000,
                    "name": "401 Unauthorized"
                },
                "403 Forbidden": {
                    "name": "403 Forbidden",
                    "path": "::403 Forbidden",
                    "id": "655548b761742c5a7ad15aa7df3a5d9c",
                    "passes": 0,
                    "fails": 2000
                },
                "404 Not Found": {
                    "name": "404 Not Found",
                    "path": "::404 Not Found",
                    "id": "df1528f9925ca236bac51008f77b774a",
                    "passes": 0,
                    "fails": 2000
                },
                "429 Too Many Requests": {
                    "path": "::429 Too Many Requests",
                    "id": "b810c35b9499cc7342fd415032e3a6aa",
                    "passes": 0,
                    "fails": 2000,
                    "name": "429 Too Many Requests"
                },
                "500 Internal Server Error": {
                    "fails": 2000,
                    "name": "500 Internal Server Error",
                    "path": "::500 Internal Server Error",
                    "id": "3cd96245b24e869810efe46d533b0eef",
                    "passes": 0
                },
                "502 Bad Gateway": {
                    "name": "502 Bad Gateway",
                    "path": "::502 Bad Gateway",
                    "id": "712cb0ec189a11f31f0d6d0c0031b569",
                    "passes": 0,
                    "fails": 2000
                },
                "503 Service Unavailable": {
                    "name": "503 Service Unavailable",
                    "path": "::503 Service Unavailable",
                    "id": "f1ea1a22be0dc738c385523a66ea1cd9",
                    "passes": 0,
                    "fails": 2000
                },
                "504 Gateway Timeout": {
                    "name": "504 Gateway Timeout",
                    "path": "::504 Gateway Timeout",
                    "id": "218efb729cb654723ccd57c6ebbebe29",
                    "passes": 0,
                    "fails": 2000
                }
            }
    }
}