{
    "metrics": {
        "http_req_waiting": {
            "min": 1295.3092,
            "med": 1295.3092,
            "max": 1295.3092,
            "p(90)": 1295.3092,
            "p(95)": 1295.3092,
            "avg": 1295.3092
        },
        "http_req_failed": {
            "fails": 1,
            "passes": 0,
            "value": 0
        },
        "http_req_duration": {
            "max": 1918.8877,
            "p(90)": 1918.8877,
            "p(95)": 1918.8877,
            "avg": 1918.8877,
            "min": 1918.8877,
            "med": 1918.8877
        },
        "http_req_sending": {
            "avg": 0.5431,
            "min": 0.5431,
            "med": 0.5431,
            "max": 0.5431,
            "p(90)": 0.5431,
            "p(95)": 0.5431
        },
        "http_req_duration{expected_response:true}": {
            "avg": 1918.8877,
            "min": 1918.8877,
            "med": 1918.8877,
            "max": 1918.8877,
            "p(90)": 1918.8877,
            "p(95)": 1918.8877
        },
        "data_received": {
            "count": 28826,
            "rate": 9990.313284662932
        },
        "http_reqs": {
            "count": 1,
            "rate": 0.34657299953732507
        },
        "http_req_receiving": {
            "p(90)": 623.0354,
            "p(95)": 623.0354,
            "avg": 623.0354,
            "min": 623.0354,
            "med": 623.0354,
            "max": 623.0354
        },
        "vus_max": {
            "value": 1,
            "min": 1,
            "max": 1
        },
        "vus": {
            "max": 1,
            "value": 1,
            "min": 1
        },
        "dropped_iterations": {
            "count": 1,
            "rate": 0.34657299953732507
        },
        "http_req_connecting": {
            "med": 4.2119,
            "max": 4.2119,
            "p(90)": 4.2119,
            "p(95)": 4.2119,
            "avg": 4.2119,
            "min": 4.2119
        },
        "checks": {
            "fails": 11,
            "passes": 1,
            "value": 0.08333333333333333
        },
        "http_req_tls_handshaking": {
            "min": 5.3986,
            "med": 5.3986,
            "max": 5.3986,
            "p(90)": 5.3986,
            "p(95)": 5.3986,
            "avg": 5.3986
        },
        "http_req_blocked": {
            "avg": 14.6065,
            "min": 14.6065,
            "med": 14.6065,
            "max": 14.6065,
            "p(90)": 14.6065,
            "p(95)": 14.6065
        },
        "data_sent": {
            "count": 2120,
            "rate": 734.7347590191291
        }
    },
    "root_group": {
        "id": "d41d8cd98f00b204e9800998ecf8427e",
        "groups": {},
        "checks": {
                "200 OK": {
                    "name": "200 OK",
                    "path": "::200 OK",
                    "id": "e9654c443eff553da9e69eda7007924e",
                    "passes": 1,
                    "fails": 0
                },
                "201 Created": {
                    "fails": 1,
                    "name": "201 Created",
                    "path": "::201 Created",
                    "id": "728dcd977aae263ca314731145e1d447",
                    "passes": 0
                },
                "204 No Content": {
                    "name": "204 No Content",
                    "path": "::204 No Content",
                    "id": "54fa3c2eda34e1622fda2da5e0479fc5",
                    "passes": 0,
                    "fails": 1
                },
                "400 Bad Request": {
                    "passes": 0,
                    "fails": 1,
                    "name": "400 Bad Request",
                    "path": "::400 Bad Request",
                    "id": "eeae81934b9b58bccaf0184a6d070338"
                },
                "401 Unauthorized": {
                    "id": "6ae9254e6aefe7f0bafe5102fa7e20a5",
                    "passes": 0,
                    "fails": 1,
                    "name": "401 Unauthorized",
                    "path": "::401 Unauthorized"
                },
                "403 Forbidden": {
                    "fails": 1,
                    "name": "403 Forbidden",
                    "path": "::403 Forbidden",
                    "id": "655548b761742c5a7ad15aa7df3a5d9c",
                    "passes": 0
                },
                "404 Not Found": {
                    "name": "404 Not Found",
                    "path": "::404 Not Found",
                    "id": "df1528f9925ca236bac51008f77b774a",
                    "passes": 0,
                    "fails": 1
                },
                "429 Too Many Requests": {
                    "name": "429 Too Many Requests",
                    "path": "::429 Too Many Requests",
                    "id": "b810c35b9499cc7342fd415032e3a6aa",
                    "passes": 0,
                    "fails": 1
                },
                "500 Internal Server Error": {
                    "name": "500 Internal Server Error",
                    "path": "::500 Internal Server Error",
                    "id": "3cd96245b24e869810efe46d533b0eef",
                    "passes": 0,
                    "fails": 1
                },
                "502 Bad Gateway": {
                    "id": "712cb0ec189a11f31f0d6d0c0031b569",
                    "passes": 0,
                    "fails": 1,
                    "name": "502 Bad Gateway",
                    "path": "::502 Bad Gateway"
                },
                "503 Service Unavailable": {
                    "path": "::503 Service Unavailable",
                    "id": "f1ea1a22be0dc738c385523a66ea1cd9",
                    "passes": 0,
                    "fails": 1,
                    "name": "503 Service Unavailable"
                },
                "504 Gateway Timeout": {
                    "fails": 1,
                    "name": "504 Gateway Timeout",
                    "path": "::504 Gateway Timeout",
                    "id": "218efb729cb654723ccd57c6ebbebe29",
                    "passes": 0
                }
            },
        "name": "",
        "path": ""
    }
}