{
    "metrics": {
        "vus_max": {
            "value": 3000,
            "min": 3000,
            "max": 3000
        },
        "http_reqs": {
            "count": 3000,
            "rate": 194.08681522653765
        },
        "http_req_tls_handshaking": {
            "min": 160.0046,
            "med": 381.2904,
            "max": 781.6819,
            "p(90)": 643.6853,
            "p(95)": 695.7352799999998,
            "avg": 403.0988754666656
        },
        "http_req_blocked": {
            "avg": 675.3741348333325,
            "min": 362.2711,
            "med": 665.7988,
            "max": 1013.2317,
            "p(90)": 864.2339,
            "p(95)": 919.2806299999997
        },
        "http_req_connecting": {
            "med": 276.551,
            "max": 330.4277,
            "p(90)": 314.4296,
            "p(95)": 316.4282,
            "avg": 271.2263578666671,
            "min": 186.9192
        },
        "http_req_receiving": {
            "avg": 131.8967178666668,
            "min": 0,
            "med": 207.3046,
            "max": 624.5073,
            "p(90)": 209.31277,
            "p(95)": 209.8853
        },
        "checks": {
            "passes": 3000,
            "fails": 33000,
            "value": 0.08333333333333333
        },
        "http_req_duration{expected_response:true}": {
            "med": 7636.1097,
            "max": 13311.7858,
            "p(90)": 11762.854630000003,
            "p(95)": 12273.9262,
            "avg": 7662.283566476122,
            "min": 404.247
        },
        "iteration_duration": {
            "med": 9371.86505,
            "max": 15148.7982,
            "p(90)": 13560.446499999998,
            "p(95)": 14142.190069999997,
            "avg": 9275.23010506669,
            "min": 1859.7655
        },
        "http_req_sending": {
            "avg": 0.4110937333333336,
            "min": 0,
            "med": 0,
            "max": 80.0309,
            "p(90)": 1.001,
            "p(95)": 1.004
        },
        "iterations": {
            "rate": 194.08681522653765,
            "count": 3000
        },
        "http_req_failed": {
            "passes": 26,
            "fails": 2974,
            "value": 0.008666666666666666
        },
        "http_req_duration": {
            "max": 13311.7858,
            "p(90)": 11750.07681,
            "p(95)": 12273.19476,
            "avg": 7598.947527899995,
            "min": 229.6037,
            "med": 7573.13115
        },
        "data_received": {
            "count": 41516827,
            "rate": 2685956.2435803767
        },
        "http_req_waiting": {
            "min": 228.6064,
            "med": 7434.573,
            "max": 13101.6613,
            "p(90)": 11572.83981,
            "p(95)": 12089.037629999999,
            "avg": 7466.639716299999
        },
        "data_sent": {
            "rate": 235346.56675465594,
            "count": 3637752
        },
        "vus": {
            "min": 10,
            "max": 3000,
            "value": 10
        }
    },
    "root_group": {
        "name": "",
        "path": "",
        "id": "d41d8cd98f00b204e9800998ecf8427e",
        "groups": {},
        "checks": {
                "200 OK": {
                    "name": "200 OK",
                    "path": "::200 OK",
                    "id": "e9654c443eff553da9e69eda7007924e",
                    "passes": 2974,
                    "fails": 26
                },
                "201 Created": {
                    "fails": 3000,
                    "name": "201 Created",
                    "path": "::201 Created",
                    "id": "728dcd977aae263ca314731145e1d447",
                    "passes": 0
                },
                "204 No Content": {
                    "name": "204 No Content",
                    "path": "::204 No Content",
                    "id": "54fa3c2eda34e1622fda2da5e0479fc5",
                    "passes": 0,
                    "fails": 3000
                },
                "400 Bad Request": {
                    "name": "400 Bad Request",
                    "path": "::400 Bad Request",
                    "id": "eeae81934b9b58bccaf0184a6d070338",
                    "passes": 0,
                    "fails": 3000
                },
                "401 Unauthorized": {
                    "fails": 3000,
                    "name": "401 Unauthorized",
                    "path": "::401 Unauthorized",
                    "id": "6ae9254e6aefe7f0bafe5102fa7e20a5",
                    "passes": 0
                },
                "403 Forbidden": {
                    "passes": 0,
                    "fails": 3000,
                    "name": "403 Forbidden",
                    "path": "::403 Forbidden",
                    "id": "655548b761742c5a7ad15aa7df3a5d9c"
                },
                "404 Not Found": {
                    "passes": 0,
                    "fails": 3000,
                    "name": "404 Not Found",
                    "path": "::404 Not Found",
                    "id": "df1528f9925ca236bac51008f77b774a"
                },
                "429 Too Many Requests": {
                    "name": "429 Too Many Requests",
                    "path": "::429 Too Many Requests",
                    "id": "b810c35b9499cc7342fd415032e3a6aa",
                    "passes": 0,
                    "fails": 3000
                },
                "500 Internal Server Error": {
                    "name": "500 Internal Server Error",
                    "path": "::500 Internal Server Error",
                    "id": "3cd96245b24e869810efe46d533b0eef",
                    "passes": 0,
                    "fails": 3000
                },
                "502 Bad Gateway": {
                    "name": "502 Bad Gateway",
                    "path": "::502 Bad Gateway",
                    "id": "712cb0ec189a11f31f0d6d0c0031b569",
                    "passes": 26,
                    "fails": 2974
                },
                "503 Service Unavailable": {
                    "name": "503 Service Unavailable",
                    "path": "::503 Service Unavailable",
                    "id": "f1ea1a22be0dc738c385523a66ea1cd9",
                    "passes": 0,
                    "fails": 3000
                },
                "504 Gateway Timeout": {
                    "fails": 3000,
                    "name": "504 Gateway Timeout",
                    "path": "::504 Gateway Timeout",
                    "id": "218efb729cb654723ccd57c6ebbebe29",
                    "passes": 0
                }
            }
    }
}