{
    "metrics": {
        "iterations": {
            "count": 50,
            "rate": 16.01358669560471
        },
        "http_req_failed": {
            "passes": 38,
            "fails": 12,
            "value": 0.76
        },
        "http_req_blocked": {
            "avg": 99.710992,
            "min": 91.649,
            "med": 98.3506,
            "max": 115.6517,
            "p(90)": 110.1264,
            "p(95)": 111.678315
        },
        "vus_max": {
            "value": 50,
            "min": 50,
            "max": 50
        },
        "http_req_waiting": {
            "p(95)": 1862.5121799999995,
            "avg": 436.098072,
            "min": 1.9978,
            "med": 9.977,
            "max": 2018.8786,
            "p(90)": 1761.4693000000002
        },
        "checks": {
            "passes": 50,
            "fails": 550,
            "value": 0.08333333333333333
        },
        "http_req_sending": {
            "p(90)": 0.5378700000000001,
            "p(95)": 0.8363249999999989,
            "avg": 0.17372999999999997,
            "min": 0,
            "med": 0,
            "max": 1.0023
        },
        "http_reqs": {
            "count": 50,
            "rate": 16.01358669560471
        },
        "http_req_duration": {
            "p(90)": 1771.4082500000002,
            "p(95)": 1872.5266699999995,
            "avg": 438.651574,
            "min": 3.0001,
            "med": 10.425049999999999,
            "max": 2027.7062
        },
        "iteration_duration": {
            "min": 1104.1497,
            "med": 1114.901,
            "max": 3120.8253,
            "p(90)": 2865.7814,
            "p(95)": 2968.4244499999995,
            "avg": 1539.735438
        },
        "data_received": {
            "count": 1784845,
            "rate": 571635.4029143319
        },
        "http_req_receiving": {
            "p(90)": 9.23596,
            "p(95)": 9.89101,
            "avg": 2.379772,
            "min": 0,
            "med": 0,
            "max": 10.0817
        },
        "vus": {
            "min": 3,
            "max": 50,
            "value": 3
        },
        "data_sent": {
            "count": 37840,
            "rate": 12119.082411233647
        },
        "http_req_tls_handshaking": {
            "max": 28.7717,
            "p(90)": 22.26476,
            "p(95)": 23.256534999999996,
            "avg": 12.288586000000002,
            "min": 5.2816,
            "med": 11.02915
        },
        "http_req_duration{expected_response:true}": {
            "avg": 1800.905625,
            "min": 1557.3464,
            "med": 1768.6485,
            "max": 2027.7062,
            "p(90)": 1981.48697,
            "p(95)": 2004.41315
        },
        "http_req_connecting": {
            "avg": 3.7632979999999994,
            "min": 2.673,
            "med": 3.7007,
            "max": 5.396,
            "p(90)": 4.51759,
            "p(95)": 5.0218
        }
    },
    "root_group": {
        "name": "",
        "path": "",
        "id": "d41d8cd98f00b204e9800998ecf8427e",
        "groups": {},
        "checks": {
                "200 OK": {
                    "id": "e9654c443eff553da9e69eda7007924e",
                    "passes": 12,
                    "fails": 38,
                    "name": "200 OK",
                    "path": "::200 OK"
                },
                "201 Created": {
                    "id": "728dcd977aae263ca314731145e1d447",
                    "passes": 0,
                    "fails": 50,
                    "name": "201 Created",
                    "path": "::201 Created"
                },
                "204 No Content": {
                    "name": "204 No Content",
                    "path": "::204 No Content",
                    "id": "54fa3c2eda34e1622fda2da5e0479fc5",
                    "passes": 0,
                    "fails": 50
                },
                "400 Bad Request": {
                    "name": "400 Bad Request",
                    "path": "::400 Bad Request",
                    "id": "eeae81934b9b58bccaf0184a6d070338",
                    "passes": 0,
                    "fails": 50
                },
                "401 Unauthorized": {
                    "path": "::401 Unauthorized",
                    "id": "6ae9254e6aefe7f0bafe5102fa7e20a5",
                    "passes": 0,
                    "fails": 50,
                    "name": "401 Unauthorized"
                },
                "403 Forbidden": {
                    "fails": 50,
                    "name": "403 Forbidden",
                    "path": "::403 Forbidden",
                    "id": "655548b761742c5a7ad15aa7df3a5d9c",
                    "passes": 0
                },
                "404 Not Found": {
                    "name": "404 Not Found",
                    "path": "::404 Not Found",
                    "id": "df1528f9925ca236bac51008f77b774a",
                    "passes": 0,
                    "fails": 50
                },
                "429 Too Many Requests": {
                    "name": "429 Too Many Requests",
                    "path": "::429 Too Many Requests",
                    "id": "b810c35b9499cc7342fd415032e3a6aa",
                    "passes": 38,
                    "fails": 12
                },
                "500 Internal Server Error": {
                    "passes": 0,
                    "fails": 50,
                    "name": "500 Internal Server Error",
                    "path": "::500 Internal Server Error",
                    "id": "3cd96245b24e869810efe46d533b0eef"
                },
                "502 Bad Gateway": {
                    "name": "502 Bad Gateway",
                    "path": "::502 Bad Gateway",
                    "id": "712cb0ec189a11f31f0d6d0c0031b569",
                    "passes": 0,
                    "fails": 50
                },
                "503 Service Unavailable": {
                    "passes": 0,
                    "fails": 50,
                    "name": "503 Service Unavailable",
                    "path": "::503 Service Unavailable",
                    "id": "f1ea1a22be0dc738c385523a66ea1cd9"
                },
                "504 Gateway Timeout": {
                    "fails": 50,
                    "name": "504 Gateway Timeout",
                    "path": "::504 Gateway Timeout",
                    "id": "218efb729cb654723ccd57c6ebbebe29",
                    "passes": 0
                }
            }
    }
}