{
    "metrics": {
        "http_req_blocked": {
            "max": 186.3025,
            "p(90)": 146.2821,
            "p(95)": 150.17793499999996,
            "avg": 109.38146624999997,
            "min": 34.5555,
            "med": 122.47805
        },
        "vus_max": {
            "value": 400,
            "min": 400,
            "max": 400
        },
        "checks": {
            "passes": 400,
            "fails": 4400,
            "value": 0.08333333333333333
        },
        "http_req_receiving": {
            "avg": 10.137244249999997,
            "min": 0,
            "med": 9.0486,
            "max": 37.9032,
            "p(90)": 13.908670000000015,
            "p(95)": 18.50337499999999
        },
        "http_req_waiting": {
            "min": 9943.6025,
            "med": 44180.9917,
            "max": 44840.4456,
            "p(90)": 44726.37472,
            "p(95)": 44772.859275,
            "avg": 43267.3550205
        },
        "http_req_tls_handshaking": {
            "min": 9.4784,
            "med": 85.1662,
            "max": 118.8024,
            "p(90)": 104.30657000000001,
            "p(95)": 108.67712999999999,
            "avg": 72.23885125000001
        },
        "http_req_duration": {
            "p(90)": 44736.23532,
            "p(95)": 44782.77793,
            "avg": 43277.865420500006,
            "min": 9952.3894,
            "med": 44190.04855,
            "max": 44848.7599
        },
        "http_reqs": {
            "count": 400,
            "rate": 8.701462708049906
        },
        "http_req_duration{expected_response:true}": {
            "p(90)": 44736.23532,
            "p(95)": 44782.77793,
            "avg": 43277.865420500006,
            "min": 9952.3894,
            "med": 44190.04855,
            "max": 44848.7599
        },
        "data_received": {
            "count": 53182643,
            "rate": 1156916.9619500786
        },
        "iteration_duration": {
            "max": 45962.1328,
            "p(90)": 45872.53501,
            "p(95)": 45916.33541,
            "avg": 44388.02515550002,
            "min": 10992.0804,
            "med": 45294.168000000005
        },
        "http_req_connecting": {
            "max": 64.1464,
            "p(90)": 12.387320000000004,
            "p(95)": 15.26133999999999,
            "avg": 9.03245275,
            "min": 2.9796,
            "med": 8.2579
        },
        "iterations": {
            "rate": 8.701462708049906,
            "count": 400
        },
        "data_sent": {
            "count": 546752,
            "rate": 11893.855346379256
        },
        "http_req_sending": {
            "min": 0,
            "med": 0,
            "max": 20.0006,
            "p(90)": 0.99903,
            "p(95)": 1.0026549999999999,
            "avg": 0.3731557499999999
        },
        "http_req_failed": {
            "passes": 0,
            "fails": 400,
            "value": 0
        },
        "vus": {
            "value": 28,
            "min": 28,
            "max": 400
        }
    },
    "root_group": {
        "checks": {
            "200 OK": {
                "name": "200 OK",
                "path": "::200 OK",
                "id": "e9654c443eff553da9e69eda7007924e",
                "passes": 400,
                "fails": 0
            },
            "201 Created": {
                "path": "::201 Created",
                "id": "728dcd977aae263ca314731145e1d447",
                "passes": 0,
                "fails": 400,
                "name": "201 Created"
            },
            "204 No Content": {
                "passes": 0,
                "fails": 400,
                "name": "204 No Content",
                "path": "::204 No Content",
                "id": "54fa3c2eda34e1622fda2da5e0479fc5"
            },
            "400 Bad Request": {
                "name": "400 Bad Request",
                "path": "::400 Bad Request",
                "id": "eeae81934b9b58bccaf0184a6d070338",
                "passes": 0,
                "fails": 400
            },
            "401 Unauthorized": {
                "passes": 0,
                "fails": 400,
                "name": "401 Unauthorized",
                "path": "::401 Unauthorized",
                "id": "6ae9254e6aefe7f0bafe5102fa7e20a5"
            },
            "403 Forbidden": {
                "name": "403 Forbidden",
                "path": "::403 Forbidden",
                "id": "655548b761742c5a7ad15aa7df3a5d9c",
                "passes": 0,
                "fails": 400
            },
            "404 Not Found": {
                "passes": 0,
                "fails": 400,
                "name": "404 Not Found",
                "path": "::404 Not Found",
                "id": "df1528f9925ca236bac51008f77b774a"
            },
            "429 Too Many Requests": {
                "path": "::429 Too Many Requests",
                "id": "b810c35b9499cc7342fd415032e3a6aa",
                "passes": 0,
                "fails": 400,
                "name": "429 Too Many Requests"
            },
            "500 Internal Server Error": {
                "name": "500 Internal Server Error",
                "path": "::500 Internal Server Error",
                "id": "3cd96245b24e869810efe46d533b0eef",
                "passes": 0,
                "fails": 400
            },
            "502 Bad Gateway": {
                "passes": 0,
                "fails": 400,
                "name": "502 Bad Gateway",
                "path": "::502 Bad Gateway",
                "id": "712cb0ec189a11f31f0d6d0c0031b569"
            },
            "503 Service Unavailable": {
                "id": "f1ea1a22be0dc738c385523a66ea1cd9",
                "passes": 0,
                "fails": 400,
                "name": "503 Service Unavailable",
                "path": "::503 Service Unavailable"
            },
            "504 Gateway Timeout": {
                "name": "504 Gateway Timeout",
                "path": "::504 Gateway Timeout",
                "id": "218efb729cb654723ccd57c6ebbebe29",
                "passes": 0,
                "fails": 400
            }
        },
        "name": "",
        "path": "",
        "id": "d41d8cd98f00b204e9800998ecf8427e",
        "groups": {}
    }
}