{
    "metrics": {
        "checks": {
            "passes": 500,
            "fails": 5500,
            "value": 0.08333333333333333
        },
        "iteration_duration": {
            "med": 5731.2862,
            "max": 32444.7677,
            "p(90)": 32053.719340000003,
            "p(95)": 32124.774064999998,
            "avg": 15935.1220016,
            "min": 1236.0453
        },
        "http_req_duration": {
            "avg": 14759.230660200008,
            "min": 9.3015,
            "med": 4588.08985,
            "max": 31231.2868,
            "p(90)": 30894.53176,
            "p(95)": 30965.126925
        },
        "http_req_failed": {
            "passes": 250,
            "fails": 250,
            "value": 0.5
        },
        "data_sent": {
            "count": 480592,
            "rate": 14807.562979922961
        },
        "http_req_connecting": {
            "max": 60.2012,
            "p(90)": 22.2386,
            "p(95)": 25.098959999999995,
            "avg": 13.604336599999993,
            "min": 4.0009,
            "med": 11.9444
        },
        "vus": {
            "min": 116,
            "max": 500,
            "value": 116
        },
        "http_req_sending": {
            "p(95)": 1.0012,
            "avg": 0.17459400000000014,
            "min": 0,
            "med": 0,
            "max": 2.2278,
            "p(90)": 0.99871
        },
        "http_req_waiting": {
            "p(90)": 30884.87607,
            "p(95)": 30941.51058,
            "avg": 14753.8182836,
            "min": 8.8352,
            "med": 4583.03645,
            "max": 31222.2896
        },
        "iterations": {
            "count": 500,
            "rate": 15.405544599080885
        },
        "http_req_duration{expected_response:true}": {
            "p(90)": 30965.25035,
            "p(95)": 31013.236135,
            "avg": 29451.257298400018,
            "min": 9061.7597,
            "med": 30559.8551,
            "max": 31231.2868
        },
        "data_received": {
            "count": 34395200,
            "rate": 1059753.5751886137
        },
        "http_reqs": {
            "count": 500,
            "rate": 15.405544599080885
        },
        "http_req_blocked": {
            "p(95)": 237.97756,
            "avg": 174.9931285999998,
            "min": 98.1533,
            "med": 170.16944999999998,
            "max": 267.984,
            "p(90)": 222.97899
        },
        "http_req_receiving": {
            "med": 1.00365,
            "max": 55.4945,
            "p(90)": 10.10599,
            "p(95)": 11.896764999999988,
            "avg": 5.237782599999999,
            "min": 0
        },
        "vus_max": {
            "value": 500,
            "min": 500,
            "max": 500
        },
        "http_req_tls_handshaking": {
            "p(95)": 117.42112,
            "avg": 69.46213599999994,
            "min": 13.3916,
            "med": 64.55775,
            "max": 129.3617,
            "p(90)": 115.41950000000001
        }
    },
    "root_group": {
        "name": "",
        "path": "",
        "id": "d41d8cd98f00b204e9800998ecf8427e",
        "groups": {},
        "checks": {
                "200 OK": {
                    "name": "200 OK",
                    "path": "::200 OK",
                    "id": "e9654c443eff553da9e69eda7007924e",
                    "passes": 250,
                    "fails": 250
                },
                "201 Created": {
                    "fails": 500,
                    "name": "201 Created",
                    "path": "::201 Created",
                    "id": "728dcd977aae263ca314731145e1d447",
                    "passes": 0
                },
                "204 No Content": {
                    "name": "204 No Content",
                    "path": "::204 No Content",
                    "id": "54fa3c2eda34e1622fda2da5e0479fc5",
                    "passes": 0,
                    "fails": 500
                },
                "400 Bad Request": {
                    "id": "eeae81934b9b58bccaf0184a6d070338",
                    "passes": 0,
                    "fails": 500,
                    "name": "400 Bad Request",
                    "path": "::400 Bad Request"
                },
                "401 Unauthorized": {
                    "name": "401 Unauthorized",
                    "path": "::401 Unauthorized",
                    "id": "6ae9254e6aefe7f0bafe5102fa7e20a5",
                    "passes": 0,
                    "fails": 500
                },
                "403 Forbidden": {
                    "name": "403 Forbidden",
                    "path": "::403 Forbidden",
                    "id": "655548b761742c5a7ad15aa7df3a5d9c",
                    "passes": 0,
                    "fails": 500
                },
                "404 Not Found": {
                    "fails": 500,
                    "name": "404 Not Found",
                    "path": "::404 Not Found",
                    "id": "df1528f9925ca236bac51008f77b774a",
                    "passes": 0
                },
                "429 Too Many Requests": {
                    "path": "::429 Too Many Requests",
                    "id": "b810c35b9499cc7342fd415032e3a6aa",
                    "passes": 0,
                    "fails": 500,
                    "name": "429 Too Many Requests"
                },
                "500 Internal Server Error": {
                    "fails": 500,
                    "name": "500 Internal Server Error",
                    "path": "::500 Internal Server Error",
                    "id": "3cd96245b24e869810efe46d533b0eef",
                    "passes": 0
                },
                "502 Bad Gateway": {
                    "name": "502 Bad Gateway",
                    "path": "::502 Bad Gateway",
                    "id": "712cb0ec189a11f31f0d6d0c0031b569",
                    "passes": 0,
                    "fails": 500
                },
                "503 Service Unavailable": {
                    "id": "f1ea1a22be0dc738c385523a66ea1cd9",
                    "passes": 250,
                    "fails": 250,
                    "name": "503 Service Unavailable",
                    "path": "::503 Service Unavailable"
                },
                "504 Gateway Timeout": {
                    "fails": 500,
                    "name": "504 Gateway Timeout",
                    "path": "::504 Gateway Timeout",
                    "id": "218efb729cb654723ccd57c6ebbebe29",
                    "passes": 0
                }
            }
    }
}