{
    "metrics": {
        "http_req_waiting": {
            "max": 28510.3494,
            "p(90)": 28443.09074,
            "p(95)": 28462.879775,
            "avg": 27333.002047999988,
            "min": 6480.6347,
            "med": 28148.376450000003
        },
        "http_req_sending": {
            "max": 7.0021,
            "p(90)": 0.99992,
            "p(95)": 1.002675,
            "avg": 0.2528524000000001,
            "min": 0,
            "med": 0
        },
        "http_req_blocked": {
            "p(95)": 60.549714999999985,
            "avg": 35.78863320000002,
            "min": 10.9988,
            "med": 35.0031,
            "max": 68.0004,
            "p(90)": 56.101969999999994
        },
        "data_received": {
            "count": 33202405,
            "rate": 1121399.0103749118
        },
        "http_req_connecting": {
            "p(90)": 13.0018,
            "p(95)": 14.0025,
            "avg": 6.990154400000001,
            "min": 1.9999,
            "med": 5.99935,
            "max": 18.9965
        },
        "vus_max": {
            "min": 250,
            "max": 250,
            "value": 250
        },
        "http_req_failed": {
            "passes": 0,
            "fails": 250,
            "value": 0
        },
        "iterations": {
            "rate": 8.443657999886693,
            "count": 250
        },
        "iteration_duration": {
            "avg": 28385.24569120001,
            "min": 7516.9988,
            "med": 29190.2126,
            "max": 29561.943,
            "p(90)": 29498.42394,
            "p(95)": 29550.9412
        },
        "http_req_duration{expected_response:true}": {
            "avg": 27348.303559999997,
            "min": 6489.9608,
            "med": 28158.535900000003,
            "max": 28530.0964,
            "p(90)": 28457.4629,
            "p(95)": 28493.044165
        },
        "vus": {
            "value": 176,
            "min": 176,
            "max": 250
        },
        "http_req_duration": {
            "avg": 27348.303559999997,
            "min": 6489.9608,
            "med": 28158.535900000003,
            "max": 28530.0964,
            "p(90)": 28457.4629,
            "p(95)": 28493.044165
        },
        "http_reqs": {
            "count": 250,
            "rate": 8.443657999886693
        },
        "http_req_tls_handshaking": {
            "max": 65.0007,
            "p(90)": 50.104009999999995,
            "p(95)": 56.55023499999999,
            "avg": 27.884693599999995,
            "min": 5.9992,
            "med": 27.00075
        },
        "http_req_receiving": {
            "avg": 15.048659600000006,
            "min": 0.5134,
            "med": 9.80115,
            "max": 94.2884,
            "p(90)": 30.537799999999976,
            "p(95)": 40.176289999999995
        },
        "data_sent": {
            "count": 341888,
            "rate": 11547.141385061046
        },
        "checks": {
            "passes": 250,
            "fails": 2750,
            "value": 0.08333333333333333
        }
    },
    "root_group": {
        "groups": {},
        "checks": {
                "200 OK": {
                    "name": "200 OK",
                    "path": "::200 OK",
                    "id": "e9654c443eff553da9e69eda7007924e",
                    "passes": 250,
                    "fails": 0
                },
                "201 Created": {
                    "name": "201 Created",
                    "path": "::201 Created",
                    "id": "728dcd977aae263ca314731145e1d447",
                    "passes": 0,
                    "fails": 250
                },
                "204 No Content": {
                    "passes": 0,
                    "fails": 250,
                    "name": "204 No Content",
                    "path": "::204 No Content",
                    "id": "54fa3c2eda34e1622fda2da5e0479fc5"
                },
                "400 Bad Request": {
                    "passes": 0,
                    "fails": 250,
                    "name": "400 Bad Request",
                    "path": "::400 Bad Request",
                    "id": "eeae81934b9b58bccaf0184a6d070338"
                },
                "401 Unauthorized": {
                    "name": "401 Unauthorized",
                    "path": "::401 Unauthorized",
                    "id": "6ae9254e6aefe7f0bafe5102fa7e20a5",
                    "passes": 0,
                    "fails": 250
                },
                "403 Forbidden": {
                    "name": "403 Forbidden",
                    "path": "::403 Forbidden",
                    "id": "655548b761742c5a7ad15aa7df3a5d9c",
                    "passes": 0,
                    "fails": 250
                },
                "404 Not Found": {
                    "name": "404 Not Found",
                    "path": "::404 Not Found",
                    "id": "df1528f9925ca236bac51008f77b774a",
                    "passes": 0,
                    "fails": 250
                },
                "429 Too Many Requests": {
                    "id": "b810c35b9499cc7342fd415032e3a6aa",
                    "passes": 0,
                    "fails": 250,
                    "name": "429 Too Many Requests",
                    "path": "::429 Too Many Requests"
                },
                "500 Internal Server Error": {
                    "passes": 0,
                    "fails": 250,
                    "name": "500 Internal Server Error",
                    "path": "::500 Internal Server Error",
                    "id": "3cd96245b24e869810efe46d533b0eef"
                },
                "502 Bad Gateway": {
                    "name": "502 Bad Gateway",
                    "path": "::502 Bad Gateway",
                    "id": "712cb0ec189a11f31f0d6d0c0031b569",
                    "passes": 0,
                    "fails": 250
                },
                "503 Service Unavailable": {
                    "name": "503 Service Unavailable",
                    "path": "::503 Service Unavailable",
                    "id": "f1ea1a22be0dc738c385523a66ea1cd9",
                    "passes": 0,
                    "fails": 250
                },
                "504 Gateway Timeout": {
                    "fails": 250,
                    "name": "504 Gateway Timeout",
                    "path": "::504 Gateway Timeout",
                    "id": "218efb729cb654723ccd57c6ebbebe29",
                    "passes": 0
                }
            },
        "name": "",
        "path": "",
        "id": "d41d8cd98f00b204e9800998ecf8427e"
    }
}