{
    "metrics": {
        "http_req_failed": {
            "passes": 0,
            "fails": 500,
            "value": 0
        },
        "http_req_tls_handshaking": {
            "p(90)": 106.68889,
            "p(95)": 117.0374,
            "avg": 60.26932360000004,
            "min": 8.0206,
            "med": 50.5249,
            "max": 126.1693
        },
        "iterations": {
            "count": 500,
            "rate": 8.9136632472042
        },
        "http_req_waiting": {
            "avg": 52408.041275200005,
            "min": 6138.677,
            "med": 54291.6565,
            "max": 54916.7436,
            "p(90)": 54770.07527,
            "p(95)": 54805.39902
        },
        "http_req_receiving": {
            "p(90)": 43.6326,
            "p(95)": 57.4453,
            "avg": 21.255258200000007,
            "min": 0.5494,
            "med": 10.686250000000001,
            "max": 119.1506
        },
        "iteration_duration": {
            "p(90)": 55931.32095,
            "p(95)": 55970.56164,
            "avg": 53526.45142259996,
            "min": 7198.917,
            "med": 55416.13855,
            "max": 56068.5404
        },
        "http_req_duration{expected_response:true}": {
            "avg": 52429.53239479998,
            "min": 6148.1711,
            "med": 54302.11095,
            "max": 54935.639,
            "p(90)": 54813.985720000004,
            "p(95)": 54887.2022
        },
        "data_sent": {
            "count": 685456,
            "rate": 12219.847909551205
        },
        "http_reqs": {
            "count": 500,
            "rate": 8.9136632472042
        },
        "vus": {
            "value": 92,
            "min": 92,
            "max": 500
        },
        "data_received": {
            "count": 66496996,
            "rate": 1185463.6585893694
        },
        "http_req_duration": {
            "p(95)": 54887.2022,
            "avg": 52429.53239479998,
            "min": 6148.1711,
            "med": 54302.11095,
            "max": 54935.639,
            "p(90)": 54813.985720000004
        },
        "http_req_connecting": {
            "p(95)": 49.0013,
            "avg": 34.61546719999998,
            "min": 20.2381,
            "med": 32.9968,
            "max": 52.9985,
            "p(90)": 47.00156
        },
        "http_req_sending": {
            "avg": 0.23586139999999992,
            "min": 0,
            "med": 0,
            "max": 5.0007,
            "p(90)": 0.9999,
            "p(95)": 1.001505
        },
        "http_req_blocked": {
            "avg": 95.72992119999992,
            "min": 35.9969,
            "med": 89.202,
            "max": 170.3537,
            "p(90)": 139.66082,
            "p(95)": 148.05035
        },
        "checks": {
            "passes": 500,
            "fails": 5500,
            "value": 0.08333333333333333
        },
        "vus_max": {
            "value": 500,
            "min": 500,
            "max": 500
        }
    },
    "root_group": {
        "groups": {},
        "checks": {
                "200 OK": {
                    "passes": 500,
                    "fails": 0,
                    "name": "200 OK",
                    "path": "::200 OK",
                    "id": "e9654c443eff553da9e69eda7007924e"
                },
                "201 Created": {
                    "fails": 500,
                    "name": "201 Created",
                    "path": "::201 Created",
                    "id": "728dcd977aae263ca314731145e1d447",
                    "passes": 0
                },
                "204 No Content": {
                    "name": "204 No Content",
                    "path": "::204 No Content",
                    "id": "54fa3c2eda34e1622fda2da5e0479fc5",
                    "passes": 0,
                    "fails": 500
                },
                "400 Bad Request": {
                    "name": "400 Bad Request",
                    "path": "::400 Bad Request",
                    "id": "eeae81934b9b58bccaf0184a6d070338",
                    "passes": 0,
                    "fails": 500
                },
                "401 Unauthorized": {
                    "fails": 500,
                    "name": "401 Unauthorized",
                    "path": "::401 Unauthorized",
                    "id": "6ae9254e6aefe7f0bafe5102fa7e20a5",
                    "passes": 0
                },
                "403 Forbidden": {
                    "fails": 500,
                    "name": "403 Forbidden",
                    "path": "::403 Forbidden",
                    "id": "655548b761742c5a7ad15aa7df3a5d9c",
                    "passes": 0
                },
                "404 Not Found": {
                    "name": "404 Not Found",
                    "path": "::404 Not Found",
                    "id": "df1528f9925ca236bac51008f77b774a",
                    "passes": 0,
                    "fails": 500
                },
                "429 Too Many Requests": {
                    "path": "::429 Too Many Requests",
                    "id": "b810c35b9499cc7342fd415032e3a6aa",
                    "passes": 0,
                    "fails": 500,
                    "name": "429 Too Many Requests"
                },
                "500 Internal Server Error": {
                    "fails": 500,
                    "name": "500 Internal Server Error",
                    "path": "::500 Internal Server Error",
                    "id": "3cd96245b24e869810efe46d533b0eef",
                    "passes": 0
                },
                "502 Bad Gateway": {
                    "name": "502 Bad Gateway",
                    "path": "::502 Bad Gateway",
                    "id": "712cb0ec189a11f31f0d6d0c0031b569",
                    "passes": 0,
                    "fails": 500
                },
                "503 Service Unavailable": {
                    "path": "::503 Service Unavailable",
                    "id": "f1ea1a22be0dc738c385523a66ea1cd9",
                    "passes": 0,
                    "fails": 500,
                    "name": "503 Service Unavailable"
                },
                "504 Gateway Timeout": {
                    "name": "504 Gateway Timeout",
                    "path": "::504 Gateway Timeout",
                    "id": "218efb729cb654723ccd57c6ebbebe29",
                    "passes": 0,
                    "fails": 500
                }
            },
        "name": "",
        "path": "",
        "id": "d41d8cd98f00b204e9800998ecf8427e"
    }
}