{
    "metrics": {
        "http_req_blocked": {
            "avg": 146.61726275,
            "min": 95.7375,
            "med": 142.51785,
            "max": 213.5947,
            "p(90)": 188.5033,
            "p(95)": 200.59168
        },
        "vus_max": {
            "value": 400,
            "min": 400,
            "max": 400
        },
        "iterations": {
            "count": 400,
            "rate": 8.413295378405849
        },
        "http_reqs": {
            "count": 400,
            "rate": 8.413295378405849
        },
        "http_req_tls_handshaking": {
            "avg": 55.93636800000004,
            "min": 14.0165,
            "med": 51.60965,
            "max": 108.8624,
            "p(90)": 92.85608,
            "p(95)": 100.801355
        },
        "http_req_duration": {
            "avg": 44008.39734475003,
            "min": 6385.504,
            "med": 45752.358550000004,
            "max": 46418.3326,
            "p(90)": 46238.9565,
            "p(95)": 46325.311539999995
        },
        "http_req_failed": {
            "passes": 0,
            "fails": 400,
            "value": 0
        },
        "data_received": {
            "rate": 1118713.3204115352,
            "count": 53187878
        },
        "vus": {
            "min": 204,
            "max": 400,
            "value": 204
        },
        "data_sent": {
            "count": 546032,
            "rate": 11484.821255154255
        },
        "http_req_waiting": {
            "p(95)": 46276.08545,
            "avg": 43990.4034175,
            "min": 6375.9739,
            "med": 45742.878500000006,
            "max": 46376.431,
            "p(90)": 46202.51449
        },
        "checks": {
            "passes": 400,
            "fails": 4400,
            "value": 0.08333333333333333
        },
        "iteration_duration": {
            "avg": 45156.08030874998,
            "min": 7503.4547,
            "med": 46905.3188,
            "max": 47537.62,
            "p(90)": 47405.45808,
            "p(95)": 47487.29881
        },
        "http_req_duration{expected_response:true}": {
            "avg": 44008.39734475003,
            "min": 6385.504,
            "med": 45752.358550000004,
            "max": 46418.3326,
            "p(90)": 46238.9565,
            "p(95)": 46325.311539999995
        },
        "http_req_receiving": {
            "p(95)": 72.8659,
            "avg": 17.689987749999986,
            "min": 0,
            "med": 9.867049999999999,
            "max": 143.3681,
            "p(90)": 42.8233
        },
        "http_req_sending": {
            "p(95)": 1.0046,
            "avg": 0.3039394999999998,
            "min": 0,
            "med": 0,
            "max": 9.522,
            "p(90)": 1.0003
        },
        "http_req_connecting": {
            "min": 4.1186,
            "med": 11.60115,
            "max": 23.6466,
            "p(90)": 14.451,
            "p(95)": 15.622,
            "avg": 11.382668000000008
        }
    },
    "root_group": {
        "id": "d41d8cd98f00b204e9800998ecf8427e",
        "groups": {},
        "checks": {
                "200 OK": {
                    "id": "e9654c443eff553da9e69eda7007924e",
                    "passes": 400,
                    "fails": 0,
                    "name": "200 OK",
                    "path": "::200 OK"
                },
                "201 Created": {
                    "name": "201 Created",
                    "path": "::201 Created",
                    "id": "728dcd977aae263ca314731145e1d447",
                    "passes": 0,
                    "fails": 400
                },
                "204 No Content": {
                    "id": "54fa3c2eda34e1622fda2da5e0479fc5",
                    "passes": 0,
                    "fails": 400,
                    "name": "204 No Content",
                    "path": "::204 No Content"
                },
                "400 Bad Request": {
                    "name": "400 Bad Request",
                    "path": "::400 Bad Request",
                    "id": "eeae81934b9b58bccaf0184a6d070338",
                    "passes": 0,
                    "fails": 400
                },
                "401 Unauthorized": {
                    "path": "::401 Unauthorized",
                    "id": "6ae9254e6aefe7f0bafe5102fa7e20a5",
                    "passes": 0,
                    "fails": 400,
                    "name": "401 Unauthorized"
                },
                "403 Forbidden": {
                    "path": "::403 Forbidden",
                    "id": "655548b761742c5a7ad15aa7df3a5d9c",
                    "passes": 0,
                    "fails": 400,
                    "name": "403 Forbidden"
                },
                "404 Not Found": {
                    "fails": 400,
                    "name": "404 Not Found",
                    "path": "::404 Not Found",
                    "id": "df1528f9925ca236bac51008f77b774a",
                    "passes": 0
                },
                "429 Too Many Requests": {
                    "passes": 0,
                    "fails": 400,
                    "name": "429 Too Many Requests",
                    "path": "::429 Too Many Requests",
                    "id": "b810c35b9499cc7342fd415032e3a6aa"
                },
                "500 Internal Server Error": {
                    "path": "::500 Internal Server Error",
                    "id": "3cd96245b24e869810efe46d533b0eef",
                    "passes": 0,
                    "fails": 400,
                    "name": "500 Internal Server Error"
                },
                "502 Bad Gateway": {
                    "name": "502 Bad Gateway",
                    "path": "::502 Bad Gateway",
                    "id": "712cb0ec189a11f31f0d6d0c0031b569",
                    "passes": 0,
                    "fails": 400
                },
                "503 Service Unavailable": {
                    "name": "503 Service Unavailable",
                    "path": "::503 Service Unavailable",
                    "id": "f1ea1a22be0dc738c385523a66ea1cd9",
                    "passes": 0,
                    "fails": 400
                },
                "504 Gateway Timeout": {
                    "id": "218efb729cb654723ccd57c6ebbebe29",
                    "passes": 0,
                    "fails": 400,
                    "name": "504 Gateway Timeout",
                    "path": "::504 Gateway Timeout"
                }
            },
        "name": "",
        "path": ""
    }
}