{
    "metrics": {
        "iterations": {
            "count": 500,
            "rate": 25.74006125269712
        },
        "http_reqs": {
            "count": 500,
            "rate": 25.74006125269712
        },
        "http_req_duration{expected_response:true}": {
            "min": 5246.4946,
            "med": 17750.7324,
            "max": 18304.7212,
            "p(90)": 18155.81428,
            "p(95)": 18194.901065,
            "avg": 17346.606593243247
        },
        "http_req_tls_handshaking": {
            "med": 81.96655000000001,
            "max": 156.878,
            "p(90)": 127.04656000000003,
            "p(95)": 135.28454999999997,
            "avg": 78.18964199999998,
            "min": 15.9407
        },
        "http_req_connecting": {
            "med": 15.784849999999999,
            "max": 20.617,
            "p(90)": 18.2935,
            "p(95)": 18.88889,
            "avg": 15.609578400000014,
            "min": 10.6159
        },
        "http_req_waiting": {
            "p(95)": 18103.872825,
            "avg": 5173.3588778,
            "min": 3.0021,
            "med": 82.32835,
            "max": 18287.2385,
            "p(90)": 18040.95248
        },
        "checks": {
            "fails": 5500,
            "passes": 500,
            "value": 0.08333333333333333
        },
        "vus": {
            "value": 88,
            "min": 88,
            "max": 500
        },
        "data_received": {
            "count": 21408101,
            "rate": 1102091.662087853
        },
        "iteration_duration": {
            "max": 19417.6147,
            "p(90)": 19226.2462,
            "p(95)": 19321.450960000002,
            "avg": 6349.604585599998,
            "min": 1184.881,
            "med": 1252.9411
        },
        "http_req_blocked": {
            "p(90)": 222.19254,
            "p(95)": 228.5675,
            "avg": 171.2544638,
            "min": 102.7514,
            "med": 176.6224,
            "max": 243.639
        },
        "vus_max": {
            "value": 500,
            "min": 500,
            "max": 500
        },
        "http_req_sending": {
            "p(90)": 0.99951,
            "p(95)": 1.0014100000000001,
            "avg": 0.263172,
            "min": 0,
            "med": 0,
            "max": 14.9314
        },
        "http_req_failed": {
            "passes": 352,
            "fails": 148,
            "value": 0.704
        },
        "http_req_duration": {
            "max": 18304.7212,
            "p(90)": 18049.58334,
            "p(95)": 18116.140884999997,
            "avg": 5177.313751799999,
            "min": 4.0003,
            "med": 83.84155
        },
        "data_sent": {
            "count": 399712,
            "rate": 20577.22272687614
        },
        "http_req_receiving": {
            "avg": 3.6917020000000003,
            "min": 0,
            "med": 1.9964,
            "max": 25.5846,
            "p(90)": 9.5161,
            "p(95)": 10.018374999999997
        }
    },
    "root_group": {
        "name": "",
        "path": "",
        "id": "d41d8cd98f00b204e9800998ecf8427e",
        "groups": {},
        "checks": {
                "200 OK": {
                    "name": "200 OK",
                    "path": "::200 OK",
                    "id": "e9654c443eff553da9e69eda7007924e",
                    "passes": 148,
                    "fails": 352
                },
                "201 Created": {
                    "path": "::201 Created",
                    "id": "728dcd977aae263ca314731145e1d447",
                    "passes": 0,
                    "fails": 500,
                    "name": "201 Created"
                },
                "204 No Content": {
                    "name": "204 No Content",
                    "path": "::204 No Content",
                    "id": "54fa3c2eda34e1622fda2da5e0479fc5",
                    "passes": 0,
                    "fails": 500
                },
                "400 Bad Request": {
                    "path": "::400 Bad Request",
                    "id": "eeae81934b9b58bccaf0184a6d070338",
                    "passes": 0,
                    "fails": 500,
                    "name": "400 Bad Request"
                },
                "401 Unauthorized": {
                    "name": "401 Unauthorized",
                    "path": "::401 Unauthorized",
                    "id": "6ae9254e6aefe7f0bafe5102fa7e20a5",
                    "passes": 0,
                    "fails": 500
                },
                "403 Forbidden": {
                    "name": "403 Forbidden",
                    "path": "::403 Forbidden",
                    "id": "655548b761742c5a7ad15aa7df3a5d9c",
                    "passes": 0,
                    "fails": 500
                },
                "404 Not Found": {
                    "name": "404 Not Found",
                    "path": "::404 Not Found",
                    "id": "df1528f9925ca236bac51008f77b774a",
                    "passes": 0,
                    "fails": 500
                },
                "429 Too Many Requests": {
                    "name": "429 Too Many Requests",
                    "path": "::429 Too Many Requests",
                    "id": "b810c35b9499cc7342fd415032e3a6aa",
                    "passes": 0,
                    "fails": 500
                },
                "500 Internal Server Error": {
                    "name": "500 Internal Server Error",
                    "path": "::500 Internal Server Error",
                    "id": "3cd96245b24e869810efe46d533b0eef",
                    "passes": 0,
                    "fails": 500
                },
                "502 Bad Gateway": {
                    "name": "502 Bad Gateway",
                    "path": "::502 Bad Gateway",
                    "id": "712cb0ec189a11f31f0d6d0c0031b569",
                    "passes": 352,
                    "fails": 148
                },
                "503 Service Unavailable": {
                    "name": "503 Service Unavailable",
                    "path": "::503 Service Unavailable",
                    "id": "f1ea1a22be0dc738c385523a66ea1cd9",
                    "passes": 0,
                    "fails": 500
                },
                "504 Gateway Timeout": {
                    "path": "::504 Gateway Timeout",
                    "id": "218efb729cb654723ccd57c6ebbebe29",
                    "passes": 0,
                    "fails": 500,
                    "name": "504 Gateway Timeout"
                }
            }
    }
}